"Variable","Type","Missing %","Observed Range","Stats"
"country_name","character","0%","183 unique values","Categorical"
"country_text_id","character","0%","183 unique values","Categorical"
"year","integer","0%","1946 to 2024","Mean: 1986.32 | SD: 22.85"
"COWcode","integer","2.19%","2 to 950","Mean: 469.4 | SD: 242.06"
"v2x_libdem","numeric","0.88%","0 to 0.9","Mean: 0.3 | SD: 0.27"
"v2x_partipdem","numeric","0.44%","0.01 to 0.81","Mean: 0.24 | SD: 0.21"
"v2x_egaldem","numeric","0.01%","0.01 to 0.89","Mean: 0.3 | SD: 0.24"
"v2xdl_delib","numeric","0%","0 to 0.99","Mean: 0.49 | SD: 0.31"
"v2regsupgroupssize","numeric","2.86%","-3.43 to 3.02","Mean: 0.64 | SD: 1.3"
"v2regoppgroupssize","numeric","2.97%","-3.87 to 3.53","Mean: -0.19 | SD: 1.49"
"v2regproreg","integer","2.97%","0 to 13","Mean: 4.76 | SD: 3.89"
"v2regantireg","integer","3.07%","0 to 13","Mean: 7.6 | SD: 3.36"
"v2cltrnslw","numeric","0%","-3.94 to 4.04","Mean: 0.31 | SD: 1.48"
"v2clrspct","numeric","0%","-3.6 to 3.98","Mean: 0.23 | SD: 1.51"
"v2clacjstm","numeric","0%","-4.35 to 3.81","Mean: 0.36 | SD: 1.51"
"v2clacjstw","numeric","0%","-3.88 to 3.95","Mean: 0.4 | SD: 1.45"
"v2clprptym","numeric","0%","-4.31 to 2.7","Mean: 0.66 | SD: 1.4"
"v2clprptyw","numeric","0%","-3.86 to 3.23","Mean: 0.69 | SD: 1.43"
"v2exl_legitideol","numeric","2.91%","-3.29 to 3.74","Mean: -0.03 | SD: 1.44"
"v2exl_legitlead","numeric","2.8%","-3.42 to 3.58","Mean: 0.13 | SD: 1.52"
"v2exl_legitperf","numeric","2.9%","-4.27 to 3.19","Mean: 0.28 | SD: 1.2"
"v2exl_legitratio","numeric","2.9%","-4.2 to 3.18","Mean: 0.28 | SD: 1.16"
"v2x_neopat","numeric","0.71%","0 to 0.99","Mean: 0.52 | SD: 0.3"
"v2x_corr","numeric","0.87%","0 to 0.97","Mean: 0.46 | SD: 0.29"
"v2x_rule","numeric","0.23%","0 to 1","Mean: 0.52 | SD: 0.3"
"v2xcl_acjst","numeric","0%","0 to 1","Mean: 0.54 | SD: 0.3"
"v2xcl_prpty","numeric","0%","0 to 0.97","Mean: 0.58 | SD: 0.29"
"reg_trans","integer","0.29%","-1 to 1","Mean: 0.01 | SD: 0.12"
"aut_ep","integer","0%","0 to 1","Mean: 0.08 | SD: 0.27"
"aut_pre_ep_year","integer","0%","0 to 1","Mean: 0.02 | SD: 0.12"
"vdem_id","integer","0%","3 to 236","Mean: 96.25 | SD: 57.77"
"dem_ep","integer","0%","0 to 1","Mean: 0.16 | SD: 0.36"
"dem_pre_ep_year","integer","0%","0 to 1","Mean: 0.03 | SD: 0.16"
"mid_count_total","integer","0%","0 to 63","Mean: 0.52 | SD: 1.56"
"mid_count_initiated","integer","0%","0 to 40","Mean: 0.26 | SD: 0.86"
"mid_count_targeted","integer","0%","0 to 34","Mean: 0.26 | SD: 1.01"
"mid_max_hostility","integer","0%","1 to 5","Mean: 1.59 | SD: 1.19"
"mid_high_fatality_event","integer","0%","0 to 1","Mean: 0.02 | SD: 0.12"
"mid_max_fatality_cat","integer","0%","0 to 6","Mean: 0.15 | SD: 0.76"
"mid_count_fatal_disputes","integer","0%","0 to 18","Mean: 0.08 | SD: 0.43"
"alba_possible","integer","0.78%","0 to 1","Mean: 0.04 | SD: 0.2"
"alba_member","integer","0%","0 to 1","Mean: 0.01 | SD: 0.09"
"trade_export_hhi","numeric","17.75%","0 to 1.54","Mean: 0.2 | SD: 0.17"
"exp_dep_usa","numeric","17.75%","0 to 100","Mean: 14.26 | SD: 18.12"
"exp_dep_china","numeric","17.75%","0 to 99.71","Mean: 3.42 | SD: 8.94"
"exp_dep_venezuela","numeric","17.75%","0 to 100","Mean: 0.33 | SD: 2.08"
"exp_dep_alba_bloc","numeric","17.75%","0 to 100","Mean: 0.63 | SD: 2.59"
"trade_import_hhi","numeric","17.75%","0 to 15.26","Mean: 0.2 | SD: 0.83"
"imp_dep_usa","numeric","17.75%","0 to 61.62","Mean: 0.68 | SD: 2.42"
"imp_dep_china","numeric","17.75%","0 to 96.15","Mean: 0.61 | SD: 2.91"
"imp_dep_venezuela","numeric","17.75%","0 to 91.71","Mean: 0.67 | SD: 4.2"
"imp_dep_alba_bloc","numeric","17.75%","0 to 391.36","Mean: 6.48 | SD: 28.63"
"atop_defense_total","integer","0%","0 to 66","Mean: 8.92 | SD: 11.45"
"atop_defense_with_auto","integer","0%","0 to 35","Mean: 5.12 | SD: 7.15"
"atop_offense_total","integer","0%","0 to 9","Mean: 0.05 | SD: 0.44"
"atop_offense_with_auto","integer","0%","0 to 7","Mean: 0.05 | SD: 0.42"
"atop_nonagg_total","integer","0%","0 to 65","Mean: 8.74 | SD: 11.37"
"atop_nonagg_with_auto","integer","0%","0 to 35","Mean: 5.13 | SD: 7.23"
"atop_consul_total","integer","0%","0 to 71","Mean: 8.72 | SD: 11.7"
"leader_ideology_raw","character","17.91%","7 unique values","Categorical"
"hog_ideology_raw","character","17.91%","7 unique values","Categorical"
"gli_leader_ideology_num","integer","0%","0 to 3","Mean: 1.51 | SD: 1.18"
"gli_hog_ideology_num","integer","0%","0 to 3","Mean: 1.47 | SD: 1.17"
"is_leftist_leader","integer","0%","0 to 1","Mean: 0.37 | SD: 0.48"
"is_rightist_leader","integer","0%","0 to 1","Mean: 0.34 | SD: 0.47"
"is_centrist_leader","integer","0%","0 to 1","Mean: 0.06 | SD: 0.24"
"resource_rents","numeric","50.76%","0 to 88.59","Mean: 7.74 | SD: 11.21"
"gini_disp","numeric","54.22%","19.2 to 65.2","Mean: 37.99 | SD: 8.55"
"fraser_bmp_score","numeric","68.3%","0 to 10","Mean: 9.19 | SD: 2.38"
"unified_gdp_pc","numeric","11.63%","377.58 to 145590.76","Mean: 12722.95 | SD: 17200.48"
"log_gdp_pc","numeric","11.63%","5.93 to 11.89","Mean: 8.71 | SD: 1.24"
"unified_pop","numeric","8.46%","0 to 666005000","Mean: 4976949.81 | SD: 28255540.22"
"log_pop","numeric","8.46%","-Inf to 20.32","Mean: -Inf | SD: NaN"
"is_petro_state","integer","0%","0 to 1","Mean: 0.2 | SD: 0.4"
"log_oil_gas_wealth","numeric","32.16%","0 to 11.48","Mean: 2.51 | SD: 3"
"is_aut_episode","integer","0%","0 to 1","Mean: 0.1 | SD: 0.29"
"is_dem_episode","integer","0%","0 to 1","Mean: 0.18 | SD: 0.39"
"unified_corruption","numeric","0.21%","0 to 0.97","Mean: 0.46 | SD: 0.29"
